insightTrafficSourceType,views,estimatedMinutesWatched,averageViewDuration,averageViewPercentage,engagedViews
NO_LINK_OTHER,421,869,123,18.75,421
SUBSCRIBER,5297,16563,187,24.36,5297
YT_CHANNEL,1265,2242,106,3.6799999999999997,1265
YT_SEARCH,1006,2351,140,22.37,1006
RELATED_VIDEO,202997,498073,147,25.679999999999996,202997
YT_OTHER_PAGE,20821,52588,151,22.57,20821
EXT_URL,55,99,108,17.83,55
PLAYLIST,162,260,96,10.73,162
END_SCREEN,1,2,138,62.85000000000001,1
HASHTAGS,1,2,136,21.08,1
